1380,1484,-1,5.09902
151,295,-1,5.09902
1375,1432,-1,7.2111
1835,1894,-1,10.8167
75,101,-1,15
1050,1067,-1,15.6525
2867,2936,-1,17.2047
1554,1580,-1,17.8045
2672,2735,-1,19.105
479,564,-1,20.5183
2907,2953,-1,21.095
2312,2349,-1,22.0227
1227,1320,-1,22.6716
2087,2088,-1,23.5372
367,382,-1,25
629,729,-1,26.9258
216,238,-1,27.0185
1855,1891,-1,27.5136
1516,1546,-1,27.5862
564,578,-1,27.5862
836,862,-1,28.2312
2242,2245,-1,28.2843
2403,2455,-1,29.0172
1810,1826,-1,29.5466
2602,2695,-1,30.1496
2551,2668,-1,30.4138
2765,2786,-1,30.5287
23,120,-1,30.8869
1221,1266,-1,31.1127
1307,1341,-1,33.4216
600,610,-1,33.6155
2812,2842,-1,33.9706
182,195,-1,34.2345
88,123,-1,34.6554
605,634,-1,35.3553
1236,1259,-1,35.805
1072,1148,-1,36.0555
153,223,-1,36.1248
705,731,-1,36.6742
936,1025,-1,37.3363
1279,1281,-1,37.3631
1988,2019,-1,37.4833
400,416,-1,38.0132
1212,1312,-1,38.6264
496,566,-1,41.0488
2500,2536,-1,41.7612
356,371,-1,42.5441
1672,1778,-1,43.0465
860,867,-1,44.1814
2988,2999,-1,44.4072
2800,2818,-1,45.2769
1292,1295,-1,45.4533
2138,2142,-1,45.8803
2622,2657,-1,46.6154
2933,2942,-1,47.0106
1200,1268,-1,48.3011
1110,1117,-1,48.3735
221,287,-1,48.6004
173,225,-1,49.0408
788,817,-1,49.8197
629,690,-1,51.1566
1,87,-1,51.788
2709,2719,-1,52.1536
825,866,-1,52.8015
209,257,-1,52.811
1954,2063,-1,52.8394
2313,2340,-1,53.2635
514,531,-1,53.3385
88,114,-1,54.4885
360,403,-1,54.7449
2306,2322,-1,55.2268
2277,2314,-1,55.2268
1786,1792,-1,55.5698
2987,2989,-1,56
2703,2821,-1,56.0089
2634,2671,-1,56.3205
2856,2881,-1,56.6392
2637,2680,-1,57.0088
1530,1574,-1,57.0088
48,89,-1,57.2451
2766,2830,-1,57.7062
2442,2471,-1,58.1378
329,411,-1,59.3043
1204,1223,-1,59.5399
1584,1644,-1,60.1332
2443,2512,-1,60.7454
2713,2787,-1,60.9262
694,712,-1,61.0574
798,815,-1,61.327
362,374,-1,61.4003
1054,1063,-1,61.5224
2710,2739,-1,62.1289
803,841,-1,62.2415
1051,1087,-1,62.8013
457,579,-1,63.0714
2134,2237,-1,63.1269
12,122,-1,63.1981
1229,1340,-1,64.6375
3,68,-1,65.6201
1877,1925,-1,65.7419
1016,1033,-1,65.7647
2410,2424,-1,65.7951
1081,1134,-1,66.0681
1677,1764,-1,66.2193
1379,1442,-1,66.4831
781,886,-1,66.7083
1243,1254,-1,66.7308
45,114,-1,67.0075
2899,2987,-1,67.0298
2745,2797,-1,67.0671
2344,2376,-1,67.1193
1064,1171,-1,67.4463
2343,2349,-1,67.624
1754,1772,-1,67.624
758,821,-1,67.72
525,594,-1,67.9779
2761,2849,-1,68.0294
1114,1147,-1,68.0661
247,289,-1,68.1175
2307,2388,-1,69
1470,1471,-1,69.0072
122,147,-1,69.0652
2715,2826,-1,69.3542
1370,1374,-1,69.4262
2139,2150,-1,70.0357
2680,2683,-1,70.1783
2763,2841,-1,71.0211
624,667,-1,71.0211
160,265,-1,71.1126
1914,1936,-1,72.5603
2209,2210,-1,72.6705
2321,2353,-1,73.1095
1893,1946,-1,73.1095
1660,1667,-1,73.6817
2603,2645,-1,73.6817
539,557,-1,74
2852,2926,-1,74.411
529,532,-1,74.9667
1537,1591,-1,74.9667
2402,2416,-1,75.1066
1659,1718,-1,75.5381
526,561,-1,75.6042
2615,2697,-1,76.0592
331,392,-1,76.1183
320,406,-1,76.2365
665,734,-1,76.3217
2740,2774,-1,76.3806
2525,2531,-1,76.6942
935,1040,-1,76.9415
539,581,-1,77.0584
155,275,-1,77.1038
1211,1314,-1,77.4209
2829,2843,-1,77.7946
1904,1930,-1,77.8781
2704,2731,-1,77.8781
2131,2134,-1,78.2624
2114,2231,-1,78.4474
2269,2393,-1,78.492
71,90,-1,78.8543
2952,2964,-1,79.0759
2856,2894,-1,79.555
1260,1344,-1,80.1561
2850,2953,-1,80.5047
2173,2213,-1,80.5295
1545,1593,-1,80.6226
1069,1084,-1,80.9568
2460,2478,-1,81.2711
14,28,-1,81.3204
15,20,-1,81.5414
2205,2232,-1,82.0061
238,279,-1,82.0366
2104,2143,-1,82.201
2361,2390,-1,82.7345
639,702,-1,82.9759
637,649,-1,83.1865
679,712,-1,83.5464
41,60,-1,83.8153
601,726,-1,84.4808
369,416,-1,84.534
1076,1109,-1,84.7585
1814,1916,-1,84.8764
1599,1634,-1,85
1876,1887,-1,85.0706
1365,1442,-1,85.1645
669,734,-1,85.4225
1067,1166,-1,86.0058
1373,1460,-1,86.0233
305,442,-1,86.3308
627,648,-1,86.6833
1907,1929,-1,86.7295
66,116,-1,86.8217
2578,2642,-1,87.046
1122,1129,-1,87.8237
1355,1398,-1,88.1022
1382,1440,-1,88.2327
2282,2386,-1,88.5889
2928,2970,-1,88.6002
1976,2052,-1,89.5545
2504,2523,-1,89.8109
2736,2773,-1,89.8888
2442,2455,-1,89.9889
1663,1701,-1,90.0056
618,663,-1,90.0888
2279,2346,-1,90.2497
2177,2244,-1,90.5538
2023,2089,-1,90.802
760,781,-1,91.0934
1686,1721,-1,91.526
2310,2358,-1,92.0489
1235,1288,-1,92.0978
1136,1198,-1,92.1954
614,721,-1,92.3472
2619,2696,-1,92.358
45,148,-1,93.0591
1412,1494,-1,93.1451
547,548,-1,93.3809
2469,2536,-1,93.3809
344,488,-1,93.4345
820,833,-1,93.6002
1417,1443,-1,93.7763
451,477,-1,94.1329
1543,1552,-1,94.1329
802,816,-1,94.578
1394,1427,-1,94.7259
1265,1327,-1,95.0789
2332,2387,-1,95.2575
1802,1817,-1,95.3363
2893,2969,-1,95.3363
75,82,-1,95.5249
1228,1298,-1,95.7549
2329,2337,-1,96.2549
2427,2435,-1,96.2601
979,987,-1,96.3172
1987,2038,-1,96.4002
954,1043,-1,96.4002
2172,2195,-1,96.7678
957,1036,-1,96.8349
2009,2010,-1,97
1409,1416,-1,97.1236
1512,1540,-1,97.4064
451,537,-1,97.9439
1976,1990,-1,98
2729,2754,-1,98.0051
1376,1475,-1,98.0816
2463,2511,-1,98.2904
2798,2823,-1,98.6154
755,763,-1,99.1816
601,662,-1,99.2824
1936,1947,-1,99.8098
1599,1618,-1,99.985
1518,1627,-1,100.24
1147,1151,-1,100.722
954,985,-1,100.807
1232,1328,-1,101.119
2470,2472,-1,101.213
645,716,-1,101.828
2305,2398,-1,102.616
1407,1415,-1,102.65
1074,1162,-1,102.786
284,298,-1,102.883
1374,1394,-1,102.956
750,810,-1,103.233
2070,2098,-1,103.368
639,687,-1,103.446
2563,2571,-1,103.484
1961,2023,-1,103.812
2556,2618,-1,104.048
2608,2618,-1,104.216
2339,2346,-1,104.623
1578,1599,-1,104.938
2724,2803,-1,105.019
1096,1190,-1,105.076
1524,1558,-1,105.076
1652,1755,-1,105.395
1401,1454,-1,105.65
2701,2776,-1,105.721
973,986,-1,105.721
166,258,-1,105.759
2272,2335,-1,105.991
1974,2018,-1,106.042
766,895,-1,106.231
2563,2698,-1,106.301
190,196,-1,106.33
640,702,-1,106.508
2259,2338,-1,106.794
606,745,-1,107.019
2275,2373,-1,107.448
1216,1309,-1,107.517
1990,1994,-1,107.541
166,180,-1,107.541
1950,2045,-1,107.689
778,895,-1,107.912
2738,2834,-1,108
1239,1291,-1,108.167
2915,2997,-1,108.301
609,646,-1,108.453
2263,2288,-1,109.018
2559,2614,-1,109.481
1222,1343,-1,109.481
2405,2460,-1,109.49
2112,2123,-1,109.786
728,731,-1,110.291
1235,1338,-1,110.494
756,883,-1,110.603
2121,2124,-1,110.653
1140,1181,-1,110.82
1569,1570,-1,110.887
871,876,-1,110.982
2586,2612,-1,111.005
2471,2524,-1,111.198
509,552,-1,111.212
2151,2190,-1,111.288
2932,2975,-1,111.946
2755,2801,-1,112.089
2259,2341,-1,112.161
49,125,-1,112.178
2039,2080,-1,112.446
2527,2534,-1,112.539
174,230,-1,113.159
912,1029,-1,113.23
256,277,-1,113.283
1917,1947,-1,113.442
2488,2547,-1,113.6
2107,2111,-1,113.745
2487,2502,-1,113.772
1089,1095,-1,113.991
989,1021,-1,114
2597,2624,-1,114.022
1970,2026,-1,114.481
2153,2158,-1,114.529
1214,1270,-1,114.543
70,134,-1,114.586
1378,1420,-1,115
2469,2523,-1,115.039
1204,1228,-1,115.317
1815,1934,-1,115.434
2465,2516,-1,115.663
1234,1266,-1,116
2143,2168,-1,116.017
936,942,-1,116.078
1307,1344,-1,116.456
1215,1349,-1,116.456
1114,1141,-1,116.469
1848,1891,-1,116.726
2440,2532,-1,116.73
2476,2513,-1,116.76
914,1046,-1,117.047
2466,2522,-1,117.341
1453,1477,-1,117.597
920,1016,-1,117.631
167,193,-1,117.648
2264,2338,-1,117.89
1905,1944,-1,117.953
155,248,-1,118.343
1824,1855,-1,118.406
2593,2632,-1,119.101
1109,1115,-1,119.252
494,568,-1,119.269
612,708,-1,119.775
2315,2390,-1,119.808
2850,2853,-1,119.817
211,212,-1,120
1567,1635,-1,120.033
2589,2608,-1,120.071
2204,2215,-1,120.221
1689,1728,-1,120.416
337,440,-1,120.433
1651,1775,-1,120.503
703,707,-1,120.702
1124,1129,-1,120.748
2604,2687,-1,120.83
475,585,-1,121.314
2559,2695,-1,121.594
1005,1035,-1,121.742
1089,1169,-1,122.147
2277,2342,-1,122.376
1257,1304,-1,122.495
2887,2906,-1,122.54
176,277,-1,122.972
991,1028,-1,122.972
1987,2052,-1,123.004
2766,2819,-1,123.004
1956,2015,-1,123.065
1204,1255,-1,123.309
177,205,-1,123.438
226,290,-1,123.491
2581,2692,-1,123.693
2059,2090,-1,123.847
2016,2051,-1,124.016
712,727,-1,124.278
2663,2699,-1,124.278
1658,1688,-1,124.326
704,732,-1,124.487
454,551,-1,124.595
198,269,-1,124.68
964,1001,-1,124.788
1548,1553,-1,124.868
1124,1150,-1,125.016
53,131,-1,125.036
1551,1564,-1,125.539
728,748,-1,125.539
219,262,-1,125.575
306,410,-1,125.575
810,892,-1,125.607
2510,2547,-1,125.67
2900,2979,-1,126.811
1684,1783,-1,126.905
1844,1917,-1,127.094
1005,1022,-1,127.098
2374,2381,-1,127.142
10,51,-1,127.142
8,21,-1,127.224
1575,1608,-1,127.35
2618,2683,-1,127.801
706,743,-1,128
929,976,-1,128.133
2927,2931,-1,128.156
2826,2832,-1,128.316
461,487,-1,128.316
1861,1889,-1,128.363
1506,1526,-1,129.124
209,213,-1,129.468
1582,1623,-1,129.542
375,381,-1,129.557
1158,1181,-1,129.692
330,434,-1,129.8
1821,1941,-1,129.838
1508,1648,-1,130.035
2160,2245,-1,130.511
1801,1853,-1,130.771
2730,2787,-1,131
2758,2778,-1,131.061
478,587,-1,131.095
2171,2213,-1,131.32
2702,2772,-1,131.381
2451,2467,-1,131.461
925,1015,-1,131.472
2,30,-1,131.552
2737,2744,-1,131.605
2636,2681,-1,132.004
2126,2212,-1,132.004
2596,2643,-1,132.28
2631,2679,-1,132.608
2301,2330,-1,132.834
2604,2663,-1,132.85
1385,1484,-1,133.094
655,687,-1,133.255
3,142,-1,133.33
934,995,-1,133.364
2128,2221,-1,133.66
2046,2048,-1,133.66
664,677,-1,134.082
1237,1336,-1,134.417
2212,2226,-1,134.659
2260,2323,-1,134.715
1101,1116,-1,134.737
1659,1784,-1,134.766
2586,2625,-1,134.837
2288,2376,-1,134.837
28,108,-1,135.004
2330,2393,-1,135.093
1846,1887,-1,135.093
176,250,-1,135.093
1179,1193,-1,135.163
9,116,-1,135.163
1821,1826,-1,136.004
1500,1507,-1,136.015
788,823,-1,136.029
1598,1623,-1,136.132
92,113,-1,136.297
169,278,-1,137.084
118,120,-1,137.131
2456,2519,-1,137.179
1918,1922,-1,137.233
2305,2359,-1,137.361
1658,1720,-1,137.437
761,810,-1,137.975
1215,1227,-1,138.051
1870,1876,-1,138.221
1228,1246,-1,138.246
874,876,-1,138.514
1652,1758,-1,138.708
452,476,-1,138.708
2284,2365,-1,138.798
2961,2968,-1,138.917
2191,2225,-1,138.924
121,123,-1,139.129
2360,2370,-1,139.201
118,119,-1,139.27
1096,1121,-1,139.284
1682,1788,-1,139.291
1671,1696,-1,139.445
338,384,-1,139.517
512,597,-1,139.617
1859,1928,-1,139.703
1263,1275,-1,140.218
791,866,-1,140.73
1430,1493,-1,141.322
635,684,-1,141.397
920,1010,-1,141.605
1396,1418,-1,142.144
2728,2739,-1,142.78
2425,2514,-1,142.864
1146,1181,-1,143.126
1972,1996,-1,143.544
2265,2284,-1,143.656
469,577,-1,143.694
307,311,-1,143.736
2903,2926,-1,143.809
1078,1186,-1,143.951
2929,2939,-1,144.045
2706,2804,-1,144.201
462,528,-1,144.222
1700,1795,-1,144.278
1749,1772,-1,144.838
2701,2779,-1,144.931
2762,2822,-1,145.041
2554,2626,-1,145.523
697,704,-1,145.578
679,728,-1,145.784
1051,1092,-1,145.962
1805,1924,-1,146.386
401,445,-1,146.697
353,386,-1,146.755
850,888,-1,146.986
2432,2479,-1,147.122
2299,2394,-1,148.071
325,396,-1,148.6
814,845,-1,148.678
2089,2186,-1,148.923
164,278,-1,148.923
983,1000,-1,148.933
2169,2223,-1,149.003
452,582,-1,149.003
2154,2155,-1,149.094
1354,1468,-1,149.305
626,650,-1,149.375
2409,2475,-1,149.402
228,247,-1,149.486
2410,2456,-1,149.807
1130,1176,-1,149.833
1693,1782,-1,149.843
1734,1783,-1,150.053
2781,2784,-1,150.097
1512,1574,-1,150.213
2251,2328,-1,150.785
2997,2998,-1,150.881
505,514,-1,150.904
1568,1609,-1,150.987
302,545,-1,151.003
1126,1134,-1,151.109
2664,2694,-1,151.238
499,589,-1,151.476
2625,2671,-1,151.476
2291,2370,-1,151.605
1729,1781,-1,151.743
1582,1606,-1,151.753
265,285,-1,151.753
303,418,-1,151.822
2447,2518,-1,152.053
1350,1479,-1,152.069
1517,1595,-1,152.069
1808,1863,-1,152.109
1807,1811,-1,152.109
2726,2814,-1,152.266
2068,2091,-1,152.398
1654,1697,-1,152.735
2027,2080,-1,152.958
461,474,-1,153.003
1119,1151,-1,153.483
1725,1747,-1,153.525
1870,1883,-1,153.938
1179,1189,-1,153.951
2147,2210,-1,154.029
1684,1736,-1,154.26
0,36,-1,154.305
1686,1726,-1,154.457
1705,1742,-1,154.738
1679,1736,-1,154.858
2556,2593,-1,154.935
843,852,-1,155.193
2217,2246,-1,155.232
464,489,-1,155.242
2872,2882,-1,155.39
2266,2280,-1,155.666
1103,1148,-1,155.824
193,252,-1,155.824
2764,2848,-1,155.939
1569,1600,-1,156.029
1560,1574,-1,156.064
756,878,-1,156.218
938,1049,-1,156.259
1836,1931,-1,156.4
2005,2007,-1,156.467
2365,2381,-1,156.732
99,144,-1,156.952
58,106,-1,156.978
2714,2805,-1,157.035
1393,1463,-1,157.175
980,1182,-1,157.277
1539,1600,-1,157.715
780,799,-1,157.724
2868,2966,-1,157.867
717,720,-1,157.889
1567,1572,-1,158.146
1091,1126,-1,158.146
1308,1318,-1,158.824
602,738,-1,158.836
1231,1241,-1,158.959
2579,2649,-1,159.101
3,73,-1,159.201
1715,1760,-1,159.355
2119,2228,-1,159.38
1174,1183,-1,160.016
1503,1563,-1,160.206
1538,1541,-1,160.59
318,434,-1,160.851
498,596,-1,160.863
164,280,-1,160.897
2028,2069,-1,161.078
493,586,-1,161.124
2290,2391,-1,161.32
508,591,-1,161.533
2646,2654,-1,161.555
2753,2802,-1,161.645
761,828,-1,161.744
1824,1846,-1,161.79
2119,2192,-1,162.099
1073,1108,-1,162.188
1413,1414,-1,162.274
1240,1295,-1,162.29
1698,1754,-1,162.533
759,795,-1,162.604
755,769,-1,162.733
2170,2185,-1,163.083
1001,1027,-1,163.083
1989,2097,-1,163.11
460,580,-1,163.193
1535,1612,-1,163.294
831,844,-1,163.343
1385,1445,-1,163.371
1356,1438,-1,163.417
1500,1573,-1,163.466
1322,1345,-1,163.487
63,140,-1,163.6
1572,1622,-1,163.957
1584,1641,-1,164.125
932,997,-1,164.402
778,1079,-1,164.469
1375,1448,-1,164.639
1283,1335,-1,164.648
2706,2734,-1,164.906
931,1032,-1,165.424
655,711,-1,165.511
1980,1989,-1,165.759
666,690,-1,165.858
2561,2631,-1,166.012
2679,2697,-1,166.012
686,710,-1,166.388
854,856,-1,166.58
1818,1919,-1,166.94
2912,2966,-1,167.057
152,284,-1,167.141
1374,1438,-1,167.287
784,866,-1,167.344
1369,1499,-1,167.356
2551,2595,-1,167.529
20,117,-1,167.586
625,659,-1,167.738
303,437,-1,167.863
922,930,-1,168.074
2550,2634,-1,168.315
1560,1631,-1,168.315
376,407,-1,168.315
1098,1136,-1,168.324
2761,2806,-1,168.345
1962,1976,-1,168.573
1977,2095,-1,168.618
969,999,-1,168.962
533,542,-1,169
1519,1633,-1,169.003
2742,2746,-1,169.434
1111,1180,-1,169.544
2458,2482,-1,169.594
1098,1197,-1,169.853
638,725,-1,169.853
1978,2016,-1,169.921
2204,2219,-1,170.074
2027,2084,-1,170.206
1201,1207,-1,170.391
1685,1767,-1,170.816
2493,2514,-1,170.836
313,418,-1,171.026
2781,2814,-1,171.047
2438,2491,-1,171.05
659,664,-1,171.642
19,24,-1,171.712
240,292,-1,171.773
1399,1425,-1,171.828
2271,2371,-1,172.003
1961,2200,-1,172.105
2976,2992,-1,172.169
1980,2096,-1,172.2
883,891,-1,172.456
2938,2964,-1,172.54
2709,2845,-1,172.818
1518,1563,-1,172.939
1908,1919,-1,173.012
969,984,-1,173.243
172,275,-1,173.416
663,723,-1,173.488
1082,1143,-1,173.658
2008,2028,-1,173.666
688,708,-1,173.968
220,295,-1,174.04
1738,1747,-1,174.092
395,424,-1,174.141
846,865,-1,174.27
1503,1632,-1,174.27
225,286,-1,174.347
469,574,-1,174.471
92,104,-1,174.951
658,668,-1,175.114
1268,1327,-1,175.377
2154,2195,-1,175.616
551,565,-1,175.847
1693,1721,-1,176.173
1694,1732,-1,176.255
753,839,-1,176.963
2173,2230,-1,177.011
1387,1391,-1,177.609
2117,2231,-1,177.725
2754,2786,-1,177.789
1510,1611,-1,177.792
220,272,-1,177.868
1360,1460,-1,178.219
546,560,-1,178.362
507,509,-1,178.6
2782,2796,-1,178.62
916,1018,-1,178.645
2450,2528,-1,178.664
1859,1932,-1,179.201
2907,2938,-1,179.446
2015,2036,-1,179.494
2462,2505,-1,179.644
1694,1723,-1,179.644
2136,2171,-1,179.805
2552,2637,-1,179.805
2745,2788,-1,180.205
347,399,-1,180.228
305,443,-1,180.278
2913,2946,-1,180.602
650,669,-1,180.71
2157,2168,-1,181.069
1238,1319,-1,181.157
1251,1255,-1,181.232
1963,2084,-1,181.408
2484,2488,-1,181.648
1984,1991,-1,182.187
1139,1140,-1,182.332
953,962,-1,182.508
628,726,-1,182.702
64,146,-1,182.718
2539,2546,-1,182.915
1541,1564,-1,182.923
2103,2201,-1,183.098
1819,1837,-1,183.221
421,436,-1,183.338
1952,2084,-1,183.439
217,255,-1,183.848
2588,2599,-1,183.872
309,333,-1,183.872
1839,1909,-1,184.011
181,269,-1,184.024
2818,2837,-1,184.133
2761,2795,-1,184.261
1896,1927,-1,184.288
165,209,-1,184.505
17,106,-1,184.556
791,859,-1,184.621
274,291,-1,185.809
15,99,-1,185.914
1061,1066,-1,186.118
337,363,-1,186.188
1651,1706,-1,186.271
1858,1903,-1,186.325
1082,1125,-1,186.561
2924,2970,-1,186.657
1461,1475,-1,186.703
2744,2767,-1,186.869
535,594,-1,186.944
606,648,-1,187.072
1367,1475,-1,187.096
2501,2532,-1,187.171
1077,1157,-1,187.278
26,94,-1,187.949
176,257,-1,188.043
62,93,-1,188.308
1206,1249,-1,188.311
2402,2495,-1,188.322
849,870,-1,188.6
396,409,-1,188.608
2552,2602,-1,188.733
2428,2451,-1,188.905
1216,1251,-1,188.958
611,655,-1,189.214
307,449,-1,189.708
9,25,-1,189.718
862,868,-1,189.763
1183,1185,-1,189.789
1668,1794,-1,190.042
932,973,-1,190.263
1911,1935,-1,190.673
846,847,-1,190.686
2265,2319,-1,190.686
309,386,-1,190.937
1462,1478,-1,191.003
113,126,-1,191.107
922,962,-1,191.128
2929,2996,-1,191.324
25,36,-1,191.377
783,800,-1,191.426
1084,1088,-1,191.659
2946,2975,-1,191.732
2252,2334,-1,191.927
208,219,-1,192.01
553,557,-1,192.211
976,1009,-1,192.284
1155,1159,-1,192.315
1981,2006,-1,192.317
2702,2847,-1,192.427
1098,1192,-1,192.512
2715,2816,-1,192.608
937,985,-1,192.666
2401,2422,-1,192.762
2705,2768,-1,192.782
2141,2166,-1,192.8
1200,1307,-1,193.052
2273,2302,-1,193.08
334,350,-1,193.197
2557,2642,-1,193.342
2258,2371,-1,193.685
2144,2155,-1,193.838
2876,2904,-1,193.869
362,391,-1,194.196
484,519,-1,194.435
1403,1429,-1,194.826
1384,1409,-1,194.859
1225,1240,-1,195.064
2153,2154,-1,195.167
672,714,-1,195.256
1450,1483,-1,195.359
864,872,-1,195.387
1900,1949,-1,195.51
1704,1795,-1,195.602
1246,1266,-1,195.686
787,875,-1,195.747
2324,2356,-1,195.801
518,570,-1,195.819
2854,2918,-1,196.026
800,806,-1,196.311
467,533,-1,196.367
1210,1303,-1,196.469
1601,1618,-1,196.665
1274,1323,-1,196.774
1669,1691,-1,197.041
1826,1914,-1,197.185
1991,2025,-1,197.226
1505,1610,-1,197.254
2206,2244,-1,197.312
1745,1753,-1,197.608
1697,1744,-1,197.752
1663,1760,-1,197.891
1413,1465,-1,198.093
1113,1116,-1,198.162
1756,1780,-1,198.295
181,278,-1,198.338
2020,2056,-1,198.655
1031,1038,-1,198.658
1661,1710,-1,198.726
904,968,-1,198.816
85,93,-1,198.849
1827,1932,-1,198.862
2902,2904,-1,198.917
1691,1697,-1,198.957
1979,2011,-1,199
1058,1094,-1,199.123
1376,1426,-1,199.422
322,432,-1,199.625
957,974,-1,199.672
1546,1604,-1,200.262
2331,2389,-1,200.552
698,703,-1,200.644
2060,2068,-1,200.661
630,718,-1,200.801
1512,1548,-1,200.823
1062,1104,-1,201.296
2592,2658,-1,201.534
2290,2361,-1,201.792
929,934,-1,202.252
2759,2787,-1,202.467
1587,1631,-1,202.527
2573,2648,-1,202.773
2161,2181,-1,202.786
2885,2997,-1,202.852
2366,2382,-1,202.892
1373,1482,-1,202.988
1549,1636,-1,203.062
1606,1649,-1,203.089
1210,1346,-1,203.118
2151,2201,-1,203.148
1457,1460,-1,203.214
625,714,-1,203.217
607,619,-1,203.246
1682,1790,-1,203.416
1068,1188,-1,203.571
1981,2037,-1,203.571
1454,1495,-1,203.691
1752,1769,-1,203.789
215,268,-1,203.924
935,973,-1,204
2772,2843,-1,204.284
2199,2220,-1,204.57
1723,1784,-1,205
1121,1198,-1,205.01
926,968,-1,205.056
1066,1135,-1,205.139
2944,2981,-1,205.292
1780,1787,-1,205.373
2897,2929,-1,205.507
2411,2460,-1,205.937
694,735,-1,205.973
1670,1705,-1,205.995
327,420,-1,206.022
2731,2808,-1,206.022
2768,2778,-1,206.422
435,438,-1,206.456
178,261,-1,206.903
1755,1778,-1,207.152
2316,2372,-1,207.273
1522,1622,-1,207.369
2133,2175,-1,207.408
1892,1924,-1,207.454
2724,2728,-1,207.511
2879,2942,-1,207.639
300,308,-1,207.714
1382,1497,-1,207.781
517,574,-1,207.885
840,873,-1,207.964
1848,1879,-1,208.255
340,417,-1,208.291
58,116,-1,208.543
1113,1120,-1,208.701
157,240,-1,209.153
2973,2995,-1,209.308
847,884,-1,209.344
2408,2450,-1,209.774
175,299,-1,210.488
207,285,-1,210.718
192,241,-1,210.718
466,571,-1,210.794
1075,1142,-1,210.953
1326,1335,-1,211.116
1257,1309,-1,211.149
2412,2526,-1,211.291
2513,2546,-1,211.559
2992,2998,-1,211.603
2412,2544,-1,211.625
919,1036,-1,211.816
765,851,-1,212.085
1538,1640,-1,212.532
1146,1179,-1,212.615
2557,2650,-1,212.72
2144,2146,-1,212.758
2785,2791,-1,212.85
366,373,-1,213.026
1213,1301,-1,213.328
248,258,-1,213.378
2572,2698,-1,213.476
849,864,-1,213.591
751,806,-1,213.677
917,966,-1,213.759
256,261,-1,213.825
67,112,-1,214.22
2120,2248,-1,214.283
1694,1740,-1,214.311
2861,2952,-1,214.581
2100,2139,-1,214.693
1203,1263,-1,214.849
1968,2019,-1,214.895
2375,2394,-1,214.979
793,850,-1,215.114
2114,2162,-1,215.149
474,590,-1,215.232
1513,1598,-1,215.244
762,767,-1,215.425
1140,1180,-1,215.448
1276,1299,-1,215.564
2784,2843,-1,215.745
2716,2806,-1,216.058
405,428,-1,216.206
2882,2924,-1,216.261
2721,2792,-1,216.899
1229,1318,-1,216.899
2124,2132,-1,216.933
1968,1969,-1,216.947
1828,1847,-1,217.35
1100,1184,-1,217.407
165,198,-1,217.681
530,564,-1,217.807
1923,2004,-1,217.947
2808,2817,-1,218.289
1952,2003,-1,218.305
365,435,-1,218.504
61,140,-1,218.506
2061,2096,-1,218.689
484,555,-1,218.826
2782,2822,-1,218.836
31,125,-1,218.888
73,80,-1,218.936
624,700,-1,219
2959,2975,-1,219.1
160,213,-1,219.146
2299,2365,-1,219.347
1387,1493,-1,219.42
323,376,-1,219.584
462,481,-1,219.584
2879,2925,-1,219.729
2321,2374,-1,219.939
2747,2777,-1,220.275
587,589,-1,220.32
2575,2591,-1,220.327
1692,1734,-1,220.839
521,580,-1,221.002
492,528,-1,221.118
1247,1343,-1,221.183
1951,2076,-1,221.219
1063,1132,-1,221.226
1960,2014,-1,221.237
312,441,-1,221.353
1830,1913,-1,221.382
2335,2398,-1,221.551
1671,1717,-1,221.563
368,396,-1,221.93
1225,1233,-1,221.964
777,782,-1,222
1801,1878,-1,222.036
2570,2647,-1,222.279
1101,1138,-1,222.284
2853,2949,-1,222.443
823,881,-1,222.679
1880,1912,-1,222.791
1840,1888,-1,222.913
100,108,-1,223.329
2573,2677,-1,223.379
903,995,-1,223.486
2074,2095,-1,223.893
707,738,-1,224.154
1552,1647,-1,224.415
1427,1443,-1,224.544
1667,1704,-1,224.589
2572,2641,-1,224.589
406,412,-1,224.591
1658,1746,-1,224.611
857,864,-1,224.644
2206,2239,-1,224.662
584,592,-1,225.078
859,882,-1,225.078
2605,2644,-1,225.078
785,1042,-1,225.142
1453,1467,-1,225.304
1964,2043,-1,225.375
390,426,-1,225.391
2066,2140,-1,225.4
2910,2930,-1,225.539
31,73,-1,225.641
2182,2241,-1,225.887
2747,2801,-1,225.967
1057,1191,-1,226.035
342,437,-1,226.135
1927,1948,-1,226.142
39,119,-1,226.153
987,1017,-1,226.279
1322,1328,-1,226.296
11,102,-1,226.314
2299,2316,-1,226.418
1673,1726,-1,226.418
1430,1453,-1,226.433
767,803,-1,226.55
1688,1729,-1,226.586
1817,1871,-1,226.753
2282,2329,-1,226.797
183,237,-1,226.894
217,225,-1,226.921
663,713,-1,226.991
1001,1038,-1,227.423
607,683,-1,227.431
971,1028,-1,227.431
135,141,-1,227.517
2595,2616,-1,227.684
601,735,-1,227.774
2337,2391,-1,228.037
2581,2659,-1,228.32
76,137,-1,228.528
846,879,-1,228.537
57,98,-1,228.668
742,787,-1,228.705
1466,1495,-1,228.965
799,897,-1,229.059
2522,2532,-1,229.131
1762,1779,-1,229.192
2722,2806,-1,229.314
2815,2833,-1,229.34
244,293,-1,229.438
2859,2968,-1,229.478
603,729,-1,229.513
458,571,-1,229.713
612,652,-1,229.752
2127,2184,-1,229.863
2666,2689,-1,229.941
947,1004,-1,229.985
1454,1478,-1,230.106
2502,2530,-1,230.222
2731,2738,-1,230.263
779,880,-1,230.367
231,285,-1,230.556
5,24,-1,230.601
540,541,-1,230.673
2791,2804,-1,230.842
612,686,-1,231.041
382,405,-1,231.193
752,780,-1,231.193
230,289,-1,231.225
927,991,-1,231.311
2574,2621,-1,231.355
18,29,-1,231.625
1835,1965,-1,231.89
2768,2819,-1,231.935
1519,1521,-1,232.002
1971,2030,-1,232.362
2038,2064,-1,232.476
2006,2025,-1,232.499
919,921,-1,232.545
399,413,-1,232.639
2000,2014,-1,232.863
2506,2527,-1,232.912
966,1048,-1,232.998
1402,1474,-1,233.026
380,429,-1,233.041
1091,1168,-1,233.06
2112,2194,-1,233.094
507,573,-1,233.137
49,94,-1,233.206
793,891,-1,233.335
507,572,-1,233.452
907,999,-1,233.549
459,513,-1,233.703
1053,1167,-1,234.03
675,748,-1,234.034
1832,1888,-1,234.173
630,721,-1,234.307
2705,2801,-1,234.35
1383,1478,-1,234.61
1903,1913,-1,234.674
1400,1435,-1,234.796
1679,1751,-1,234.804
1985,2073,-1,234.83
1677,1694,-1,234.932
2324,2373,-1,235.194
154,235,-1,235.296
2898,2921,-1,235.306
927,1013,-1,235.342
1118,1152,-1,235.567
2105,2197,-1,235.671
310,380,-1,235.722
1868,1918,-1,236.18
2754,2811,-1,236.305
1568,1647,-1,236.315
2641,2674,-1,236.349
303,315,-1,236.4
2708,2839,-1,236.755
368,388,-1,237.002
2010,2031,-1,237.228
1429,1485,-1,237.489
903,993,-1,237.607
1617,1649,-1,237.697
2413,2457,-1,237.8
699,730,-1,238.002
2484,2504,-1,238.097
688,701,-1,238.212
454,527,-1,238.346
1666,1705,-1,238.472
995,1001,-1,238.533
513,529,-1,238.537
1576,1622,-1,239.082
674,700,-1,239.416
790,878,-1,239.754
2779,2807,-1,239.842
2584,2634,-1,239.883
1375,1377,-1,240.008
336,407,-1,240.027
2406,2543,-1,240.16
169,253,-1,240.169
174,272,-1,240.227
2033,2045,-1,240.26
923,1002,-1,240.26
2863,2922,-1,240.416
1069,1163,-1,240.416
1812,1939,-1,240.635
2718,2753,-1,240.651
521,522,-1,240.707
2430,2510,-1,240.853
1850,1944,-1,241.373
1379,1387,-1,241.963
2050,2078,-1,242.033
1100,1103,-1,242.392
491,589,-1,242.425
1176,1199,-1,242.844
756,769,-1,242.942
761,847,-1,243.115
2778,2828,-1,243.311
483,599,-1,243.502
2853,2961,-1,243.516
2632,2674,-1,243.528
2166,2249,-1,243.633
706,725,-1,243.731
1959,2051,-1,243.822
1955,1963,-1,243.906
1810,1922,-1,243.977
2713,2799,-1,244.008
1208,1301,-1,244.229
2569,2633,-1,244.387
1807,1814,-1,244.518
1384,1400,-1,244.632
1339,1348,-1,244.698
1078,1150,-1,244.826
782,822,-1,245.018
1551,1573,-1,245.051
1726,1746,-1,245.098
2107,2193,-1,245.122
2364,2382,-1,245.247
252,258,-1,245.247
459,548,-1,245.326
937,961,-1,245.473
541,583,-1,245.837
2013,2091,-1,245.837
1999,2068,-1,245.904
1417,1462,-1,245.931
473,548,-1,245.937
907,974,-1,246.108
515,590,-1,246.221
2719,2846,-1,246.483
764,816,-1,246.862
2411,2495,-1,246.909
114,119,-1,246.97
2181,2242,-1,247.196
1120,1125,-1,247.342
335,343,-1,247.413
2477,2490,-1,247.524
199,273,-1,247.758
2418,2538,-1,248.02
2250,2333,-1,248.244
1508,1519,-1,248.29
2165,2175,-1,248.365
1510,1563,-1,248.365
1052,1057,-1,248.558
1522,1570,-1,248.582
1956,1986,-1,248.6
2021,2034,-1,248.697
2610,2628,-1,248.697
789,812,-1,248.918
1758,1775,-1,248.92
2189,2208,-1,248.942
987,1010,-1,248.966
1242,1252,-1,249.329
1983,2086,-1,249.616
1355,1465,-1,249.65
1160,1177,-1,249.906
1801,1875,-1,250
1242,1256,-1,250.194
2048,2093,-1,250.48
1511,1628,-1,250.545
646,711,-1,250.799
1149,1173,-1,250.922
2842,2847,-1,251.098
1578,1638,-1,251.231
47,134,-1,251.247
1803,1923,-1,251.525
2577,2613,-1,251.575
2639,2662,-1,251.645
1509,1531,-1,251.835
759,896,-1,251.873
498,544,-1,251.915
2025,2029,-1,252.115
621,697,-1,252.121
126,149,-1,252.295
537,592,-1,252.414
2688,2692,-1,252.438
1515,1627,-1,252.438
2864,2902,-1,252.723
2311,2316,-1,252.834
184,297,-1,252.945
1863,1925,-1,253.308
1825,1908,-1,253.34
1690,1772,-1,253.744
390,432,-1,253.823
558,561,-1,254.443
2253,2300,-1,254.562
1100,1199,-1,254.594
1779,1789,-1,254.594
1842,1937,-1,254.608
2774,2799,-1,254.637
1141,1159,-1,254.657
1297,1325,-1,254.88
356,361,-1,254.922
1579,1581,-1,255.069
834,863,-1,255.157
625,730,-1,255.267
2765,2807,-1,255.409
2462,2498,-1,255.441
2312,2315,-1,255.783
1485,1498,-1,255.801
2100,2118,-1,255.988
309,330,-1,256.035
2615,2660,-1,256.275
2439,2461,-1,256.289
1743,1760,-1,256.322
1288,1306,-1,256.587
613,695,-1,257.42
1237,1245,-1,257.599
1445,1452,-1,257.62
2253,2333,-1,257.769
681,696,-1,258.265
370,410,-1,258.312
1876,1877,-1,258.312
1390,1446,-1,258.366
2054,2071,-1,258.521
1847,1896,-1,258.521
1101,1102,-1,258.643
2745,2798,-1,258.786
1975,2095,-1,259.002
1753,1798,-1,259.008
243,284,-1,259.218
249,297,-1,259.394
1856,1863,-1,259.538
2178,2200,-1,259.6
470,512,-1,259.85
2590,2612,-1,260.133
1106,1167,-1,260.354
2148,2216,-1,260.461
1218,1293,-1,260.572
2558,2641,-1,260.783
1525,1559,-1,260.849
2267,2327,-1,261
2190,2218,-1,261.008
2431,2520,-1,261.021
1206,1305,-1,261.094
170,236,-1,261.123
611,651,-1,261.191
2769,2838,-1,261.268
0,133,-1,261.276
2941,2957,-1,261.345
1856,1943,-1,261.431
797,862,-1,261.589
162,207,-1,261.691
1369,1405,-1,261.895
2322,2353,-1,261.962
2148,2159,-1,262.011
2557,2605,-1,262.231
603,735,-1,262.338
2571,2648,-1,262.429
2372,2391,-1,262.488
752,764,-1,262.618
60,100,-1,262.88
1729,1763,-1,263.03
208,220,-1,263.122
1525,1595,-1,263.251
1655,1773,-1,263.638
37,139,-1,263.706
1972,2022,-1,263.752
1311,1342,-1,264.025
2594,2693,-1,264.068
1189,1196,-1,264.153
1547,1604,-1,264.518
1998,2066,-1,264.6
1954,1996,-1,264.715
858,918,-1,264.715
159,289,-1,264.804
1802,1840,-1,264.985
2480,2499,-1,265.138
2294,2303,-1,265.272
653,722,-1,265.415
2003,2033,-1,265.56
2251,2343,-1,265.633
2538,2547,-1,265.663
958,1040,-1,265.669
949,990,-1,265.831
1222,1279,-1,265.859
609,744,-1,265.876
1128,1178,-1,266.327
1424,1426,-1,266.332
2757,2780,-1,266.475
2326,2384,-1,266.543
1926,1945,-1,266.751
604,657,-1,266.835
2105,2170,-1,266.85
11,146,-1,267.03
1350,1389,-1,267.032
2863,2963,-1,267.152
10,139,-1,267.307
1131,1194,-1,267.346
2306,2327,-1,267.606
1962,2057,-1,267.711
2920,2969,-1,267.959
907,950,-1,267.978
840,888,-1,267.989
1466,1499,-1,268.039
960,978,-1,268.242
1030,1039,-1,268.263
2875,2901,-1,268.466
466,553,-1,268.477
2732,2813,-1,268.477
1737,1786,-1,268.634
1119,1145,-1,268.734
2122,2243,-1,268.924
1804,1853,-1,268.924
2573,2603,-1,269.007
1919,1938,-1,269.156
493,541,-1,269.253
2231,2239,-1,269.253
643,672,-1,269.318
1462,1467,-1,269.615
2743,2770,-1,269.676
1950,2026,-1,269.713
2013,2097,-1,269.824
1657,1693,-1,269.92
812,852,-1,270.148
2354,2385,-1,270.15
651,713,-1,270.185
2760,2782,-1,270.187
2188,2206,-1,270.276
8,107,-1,270.283
1845,1988,-1,270.475
1210,1306,-1,270.633
2928,2979,-1,270.647
1655,1681,-1,270.668
1370,1423,-1,270.823
360,386,-1,270.947
2039,2061,-1,270.985
2703,2847,-1,271.273
49,70,-1,271.28
331,436,-1,271.31
1858,1898,-1,271.312
321,425,-1,271.312
1382,1405,-1,272.017
2601,2631,-1,272.09
1257,1323,-1,272.118
1428,1456,-1,272.149
805,873,-1,272.151
1954,2003,-1,272.222
935,961,-1,272.523
1208,1235,-1,272.547
151,222,-1,272.734
2869,2933,-1,272.802
2708,2776,-1,272.998
2020,2086,-1,273.029
1284,1287,-1,273.386
2459,2501,-1,273.761
2273,2339,-1,273.79
1256,1321,-1,273.907
1007,1011,-1,274.022
690,700,-1,274.447
1982,2067,-1,275.045
1969,2064,-1,275.078
948,972,-1,275.136
2132,2242,-1,275.436
534,588,-1,275.485
942,1046,-1,275.525
2877,2993,-1,275.545
2009,2021,-1,275.61
2307,2380,-1,275.83
1231,1310,-1,276.134
2201,2221,-1,276.319
2293,2320,-1,276.391
552,586,-1,276.492
2621,2627,-1,276.501
826,875,-1,276.509
2908,2923,-1,276.704
321,374,-1,277.042
2770,2822,-1,277.078
1839,1898,-1,277.146
430,431,-1,277.276
352,372,-1,277.411
1892,1902,-1,277.597
455,468,-1,277.597
1674,1789,-1,277.856
2890,2941,-1,277.894
2179,2221,-1,278.111
319,447,-1,278.218
2917,2971,-1,278.297
1104,1124,-1,278.485
2020,2085,-1,278.916
2662,2688,-1,279.002
824,1187,-1,279.016
1231,1248,-1,279.041
1226,1273,-1,279.093
2416,2471,-1,279.308
1881,1932,-1,279.358
1859,1945,-1,279.508
667,711,-1,279.732
1185,1189,-1,279.803
2260,2268,-1,279.893
2283,2329,-1,280.029
2269,2322,-1,280.045
1063,1137,-1,280.145
1727,1783,-1,280.371
675,678,-1,280.492
2725,2849,-1,280.608
1286,1290,-1,280.615
691,740,-1,280.703
472,515,-1,280.717
1088,1162,-1,280.744
1588,1635,-1,281.128
661,719,-1,281.368
319,394,-1,281.4
1537,1634,-1,281.498
451,550,-1,282.392
2104,2217,-1,282.462
1310,1332,-1,282.639
1168,1196,-1,283.087
2972,2994,-1,283.087
2287,2295,-1,283.283
192,254,-1,283.283
2569,2611,-1,283.351
2561,2571,-1,283.558
1669,1713,-1,283.734
280,286,-1,283.805
1410,1492,-1,283.894
1259,1290,-1,284.007
2664,2681,-1,285.112
2149,2177,-1,285.175
2701,2830,-1,285.344
2001,2098,-1,285.524
2053,2072,-1,285.575
24,30,-1,285.671
1161,1180,-1,285.685
2436,2509,-1,285.871
779,799,-1,286.007
2437,2529,-1,286.024
2314,2332,-1,286.049
1973,2002,-1,286.063
174,186,-1,286.086
539,593,-1,286.196
1275,1303,-1,286.217
1413,1461,-1,286.248
1434,1498,-1,286.276
2350,2388,-1,286.356
2564,2590,-1,286.541
921,970,-1,286.667
1593,1632,-1,286.923
774,795,-1,287.988
2883,2951,-1,288.125
450,543,-1,288.139
2180,2223,-1,288.3
1966,2065,-1,288.406
2441,2514,-1,288.562
2261,2297,-1,288.586
342,416,-1,288.624
1529,1577,-1,288.647
63,86,-1,288.647
2660,2661,-1,288.877
2417,2516,-1,288.903
812,896,-1,289.007
2604,2659,-1,289.016
128,143,-1,289.088
2403,2541,-1,289.233
1128,1180,-1,289.375
2569,2668,-1,289.831
2917,2935,-1,289.928
2432,2486,-1,290.043
844,854,-1,290.043
66,126,-1,290.147
35,41,-1,290.338
511,571,-1,290.505
2894,2931,-1,290.622
2940,2965,-1,290.63
1679,1732,-1,290.993
2652,2673,-1,290.998
762,815,-1,291.247
2309,2328,-1,291.383
42,104,-1,291.496
1356,1415,-1,291.822
604,693,-1,291.954
2651,2662,-1,292.027
154,191,-1,292.056
2206,2207,-1,292.433
306,312,-1,292.549
1854,1901,-1,292.606
1886,2004,-1,292.611
1958,1967,-1,292.802
912,1012,-1,292.865
373,404,-1,293.061
882,897,-1,293.43
2858,2987,-1,293.471
201,261,-1,293.471
2268,2390,-1,293.721
1412,1498,-1,293.993
982,994,-1,294.029
1202,1244,-1,294.391
2302,2348,-1,294.478
2720,2775,-1,294.598
2578,2620,-1,294.73
1053,1135,-1,294.783
1254,1292,-1,294.803
2018,2099,-1,294.869
170,279,-1,294.893
2178,2230,-1,294.985
2426,2453,-1,295.061
1265,1274,-1,295.711
806,898,-1,296.177
1447,1499,-1,296.22
691,701,-1,296.22
2112,2247,-1,296.299
1956,2044,-1,297.061
576,577,-1,297.195
2012,2097,-1,297.195
2254,2389,-1,297.215
2259,2350,-1,297.513
1231,1344,-1,297.599
2485,2549,-1,297.809
1809,1861,-1,297.893
311,354,-1,297.935
1425,1452,-1,298
2775,2837,-1,298.007
1315,1322,-1,298.015
647,725,-1,298.203
2462,2476,-1,298.211
754,769,-1,298.223
1567,1591,-1,298.283
1160,1191,-1,298.873
1290,1343,-1,299.286
251,290,-1,299.286
798,899,-1,299.301
16,89,-1,299.697
1806,1817,-1,299.697
1802,1827,-1,299.822
2937,2951,-1,299.933
1712,1746,-1,299.955
858,977,-1,300
2274,2297,-1,300.188
2793,2844,-1,300.293
529,563,-1,300.443
78,118,-1,300.533
1736,1799,-1,300.673
1979,2056,-1,301.443
1248,1278,-1,302.002
838,867,-1,302.015
364,370,-1,302.035
804,871,-1,302.372
2964,2970,-1,302.655
2400,2489,-1,302.987
549,554,-1,303.147
1657,1748,-1,303.323
2940,2977,-1,303.424
203,264,-1,303.592
201,273,-1,303.727
2116,2191,-1,303.727
301,433,-1,304.164
2127,2139,-1,304.245
2459,2497,-1,304.332
1867,1904,-1,304.429
1087,1156,-1,304.508
904,997,-1,304.508
1177,1183,-1,304.555
15,148,-1,304.6
2756,2846,-1,304.646
560,597,-1,304.854
2726,2791,-1,305
613,731,-1,305.118
753,760,-1,305.125
1967,2048,-1,305.522
336,426,-1,305.55
2982,2989,-1,306.002
1406,1496,-1,306.341
1407,1468,-1,306.778
172,211,-1,306.863
1533,1585,-1,307.148
670,705,-1,307.156
2045,2057,-1,307.278
1224,1230,-1,307.379
2749,2848,-1,307.417
822,887,-1,307.435
1845,1862,-1,307.467
2444,2503,-1,307.547
1571,1581,-1,307.709
2043,2081,-1,308.002
1214,1295,-1,308.007
2205,2247,-1,308.177
5,87,-1,308.35
2747,2835,-1,308.367
1131,1155,-1,308.444
2335,2376,-1,308.804
460,494,-1,308.825
423,449,-1,308.877
1696,1700,-1,309.006
1743,1744,-1,309.183
1875,1880,-1,309.251
2445,2447,-1,309.343
2006,2087,-1,309.511
2904,2920,-1,309.511
1983,2092,-1,309.613
171,186,-1,309.705
262,276,-1,309.903
19,89,-1,309.903
2718,2794,-1,309.963
1912,1934,-1,309.997
1806,1814,-1,310.048
2900,2978,-1,310.098
1213,1299,-1,310.316
1856,1938,-1,310.413
2228,2237,-1,310.483
1377,1380,-1,310.543
318,417,-1,310.693
1217,1278,-1,310.85
610,627,-1,311.002
2438,2525,-1,311.088
1842,1939,-1,311.103
531,552,-1,311.103
2714,2746,-1,311.193
2291,2387,-1,311.617
908,990,-1,311.905
1250,1280,-1,312.026
390,442,-1,312.032
630,638,-1,312.079
1397,1479,-1,312.187
1205,1308,-1,312.314
2121,2169,-1,312.64
450,583,-1,312.872
1985,2080,-1,313.019
1389,1425,-1,313.445
698,733,-1,314.006
335,421,-1,314.167
1359,1490,-1,314.579
113,127,-1,315.179
2750,2808,-1,315.349
741,743,-1,315.558
1532,1593,-1,315.573
1833,1933,-1,315.634
1699,1771,-1,315.734
2700,2721,-1,316.166
2903,2940,-1,316.218
640,732,-1,316.269
1860,1926,-1,316.285
369,397,-1,316.4
2105,2189,-1,316.665
1428,1471,-1,316.708
224,292,-1,316.711
309,322,-1,316.765
156,297,-1,316.897
1019,1035,-1,317.05
674,710,-1,317.05
2783,2828,-1,317.068
202,205,-1,317.227
1958,2015,-1,317.309
321,349,-1,317.37
2428,2499,-1,317.907
1555,1585,-1,318.19
222,254,-1,318.578
2199,2233,-1,318.642
1601,1616,-1,318.763
2773,2823,-1,318.823
1013,1015,-1,318.926
803,893,-1,319.011
1502,1533,-1,319.038
22,145,-1,319.165
1113,1122,-1,319.188
1219,1290,-1,319.23
1267,1304,-1,319.507
2473,2545,-1,319.608
933,946,-1,319.883
132,147,-1,320.127
1575,1579,-1,320.258
333,400,-1,320.32
2380,2396,-1,320.45
1377,1410,-1,320.702
68,117,-1,321.039
172,274,-1,321.162
2160,2207,-1,321.179
1809,1823,-1,321.263
4,28,-1,321.288
318,431,-1,321.288
301,439,-1,321.31
332,399,-1,321.311
166,279,-1,321.549
1575,1580,-1,321.629
807,873,-1,321.736
1052,1064,-1,321.885
1541,1636,-1,322.099
2216,2218,-1,322.149
2452,2479,-1,322.307
2589,2658,-1,322.49
2184,2233,-1,322.568
2380,2397,-1,322.602
952,993,-1,322.616
879,893,-1,322.816
1326,1336,-1,323.062
452,588,-1,323.6
69,104,-1,323.631
909,993,-1,323.839
1080,1133,-1,323.897
150,276,-1,323.975
1102,1192,-1,324.076
1703,1797,-1,324.222
2605,2687,-1,324.299
2293,2314,-1,324.464
53,67,-1,324.58
804,819,-1,325.125
2757,2800,-1,325.357
2923,2966,-1,325.406
2254,2296,-1,325.424
2860,2920,-1,325.466
1365,1400,-1,325.467
2685,2694,-1,325.504
2553,2584,-1,325.96
2797,2813,-1,326.271
537,599,-1,326.402
1428,1436,-1,326.497
2743,2790,-1,326.546
2927,2962,-1,326.602
626,682,-1,326.657
783,825,-1,326.939
1534,1602,-1,327.006
2437,2448,-1,327.246
21,33,-1,327.319
339,377,-1,327.385
2568,2660,-1,327.391
2409,2425,-1,327.588
819,881,-1,327.588
404,427,-1,327.617
750,758,-1,327.835
622,636,-1,327.867
2081,2136,-1,327.88
2452,2544,-1,327.886
671,681,-1,328.525
169,292,-1,328.783
1763,1797,-1,328.977
1819,1850,-1,329.074
475,538,-1,329.12
1766,1785,-1,329.219
2795,2823,-1,329.597
951,981,-1,329.674
567,569,-1,330.002
1819,1885,-1,330.103
2921,2993,-1,330.106
479,586,-1,330.171
960,1025,-1,330.297
1763,1795,-1,330.353
1249,1287,-1,330.491
1701,1762,-1,330.547
1201,1218,-1,330.861
990,994,-1,331.483
2308,2318,-1,331.693
757,899,-1,331.789
1270,1283,-1,331.81
2949,2988,-1,331.851
16,78,-1,332.099
1911,1948,-1,332.151
1722,1761,-1,332.182
2777,2837,-1,332.364
526,532,-1,332.385
2286,2328,-1,332.488
2130,2232,-1,332.73
1971,2094,-1,332.776
1854,1931,-1,332.898
1123,1173,-1,333.209
2785,2832,-1,333.443
1123,1198,-1,333.444
2356,2378,-1,334.013
1514,1607,-1,334.013
1444,1449,-1,334.127
2269,2360,-1,334.186
1386,1452,-1,334.319
4,133,-1,334.432
2878,2965,-1,334.527
1741,1796,-1,334.94
489,496,-1,335.037
1084,1123,-1,335.049
2494,2497,-1,335.315
2519,2543,-1,335.345
2978,2986,-1,335.774
352,430,-1,335.774
288,296,-1,335.932
482,494,-1,335.935
329,345,-1,336.091
188,192,-1,336.144
385,425,-1,336.36
80,83,-1,336.467
2568,2607,-1,336.69
499,501,-1,336.788
157,159,-1,336.859
1650,1767,-1,336.883
2042,2058,-1,337.125
1224,1324,-1,337.153
1085,1132,-1,337.38
928,1035,-1,338.161
1747,1767,-1,338.179
316,347,-1,338.321
387,457,-1,338.362
2434,2484,-1,338.711
2918,2990,-1,338.754
14,21,-1,338.864
1399,1461,-1,339.136
872,1079,-1,339.229
632,746,-1,339.265
2465,2528,-1,339.377
1552,1604,-1,339.426
902,924,-1,340.846
2599,2686,-1,341.4
1550,1619,-1,341.481
2521,2545,-1,341.656
2458,2526,-1,342.072
543,556,-1,342.3
1317,1347,-1,342.345
482,592,-1,342.533
751,773,-1,342.546
2606,2617,-1,342.584
2310,2367,-1,342.948
1883,1911,-1,342.948
2487,2534,-1,343.052
2042,2083,-1,343.354
2605,2624,-1,343.456
1126,1197,-1,343.526
857,886,-1,343.572
2117,2125,-1,343.583
2977,2999,-1,343.712
720,741,-1,344.023
183,283,-1,344.308
2425,2463,-1,344.431
2482,2502,-1,344.471
2194,2203,-1,344.553
232,286,-1,344.688
1825,1918,-1,344.816
43,86,-1,344.907
1085,1112,-1,345.219
2886,2936,-1,345.398
2131,2211,-1,345.527
635,643,-1,345.845
1537,1542,-1,345.863
483,530,-1,346.446
1650,1712,-1,346.586
2273,2398,-1,347.048
2873,2923,-1,347.243
1959,1992,-1,347.311
2509,2542,-1,347.807
83,132,-1,348.08
1455,1486,-1,348.174
473,505,-1,348.485
194,283,-1,348.511
2285,2348,-1,349.023
2441,2546,-1,349.482
1280,1330,-1,349.585
2935,2945,-1,350.116
503,584,-1,350.169
2486,2515,-1,350.274
1676,1698,-1,350.351
1435,1482,-1,350.351
906,1011,-1,350.617
2161,2232,-1,350.728
1699,1706,-1,350.822
2893,2995,-1,350.853
491,585,-1,350.96
1203,1217,-1,351.71
2597,2611,-1,351.946
76,84,-1,352.023
301,409,-1,352.036
1683,1751,-1,352.115
860,869,-1,352.121
1362,1388,-1,352.241
316,420,-1,352.568
1900,1916,-1,352.854
2483,2485,-1,353
227,231,-1,353.142
2262,2263,-1,353.418
200,205,-1,353.884
1366,1404,-1,354.683
914,924,-1,355
1088,1159,-1,355.283
2767,2803,-1,355.625
2721,2816,-1,355.629
1869,1921,-1,355.63
938,1014,-1,355.951
1981,2034,-1,355.951
939,944,-1,356.237
1391,1459,-1,356.452
1676,1798,-1,356.557
1674,1727,-1,357.022
1835,1864,-1,357.169
1892,1897,-1,357.694
979,1030,-1,358.113
486,487,-1,358.218
300,323,-1,358.303
2106,2165,-1,358.377
1975,2178,-1,358.469
2320,2355,-1,358.645
1702,1770,-1,358.71
1675,1743,-1,358.811
632,653,-1,358.898
59,101,-1,358.922
183,188,-1,359.189
2481,2533,-1,359.227
503,581,-1,359.425
2126,2136,-1,359.806
1539,1621,-1,359.869
2441,2524,-1,360.035
970,1017,-1,360.347
805,865,-1,360.846
2487,2500,-1,361.093
2567,2677,-1,361.204
2936,2994,-1,361.371
2749,2756,-1,361.621
1553,1573,-1,361.964
2288,2303,-1,362
633,693,-1,362.012
351,352,-1,362.278
1433,1481,-1,362.704
2021,2092,-1,362.869
2874,2929,-1,362.891
502,567,-1,363.407
1236,1319,-1,363.418
2601,2639,-1,364.227
2887,2953,-1,364.265
572,576,-1,364.276
2781,2835,-1,364.594
1812,1849,-1,364.607
1994,2029,-1,364.892
2579,2626,-1,364.966
2576,2645,-1,364.967
1997,2083,-1,364.971
385,426,-1,365.263
759,817,-1,365.396
2001,2074,-1,365.471
2436,2481,-1,365.548
918,940,-1,366.019
1224,1253,-1,366.034
1660,1786,-1,366.284
2874,2974,-1,366.935
348,445,-1,367.72
2480,2529,-1,368.046
2730,2844,-1,368.409
2378,2392,-1,368.774
2418,2462,-1,369
2040,2186,-1,369.131
10,66,-1,369.229
315,410,-1,369.546
2943,2946,-1,369.742
1214,1314,-1,370
2261,2363,-1,370.257
1950,2008,-1,370.266
315,365,-1,370.527
2638,2685,-1,370.653
2122,2202,-1,370.714
2044,2069,-1,370.786
1071,1333,-1,371.065
1625,1629,-1,371.228
2127,2237,-1,371.286
2886,2961,-1,371.732
1144,1152,-1,372.109
815,848,-1,372.136
2609,2675,-1,372.265
776,786,-1,372.549
510,556,-1,372.634
2583,2588,-1,373.616
2414,2489,-1,373.909
2763,2840,-1,374.04
1957,2036,-1,374.144
1519,1626,-1,374.162
915,965,-1,374.626
1621,1636,-1,374.897
43,128,-1,374.899
2295,2355,-1,375.686
1296,1327,-1,375.766
2192,2219,-1,376
2037,2071,-1,376.311
764,873,-1,376.464
1533,1588,-1,376.619
614,697,-1,376.968
2135,2145,-1,377.011
2014,2049,-1,377.097
950,1031,-1,378.188
198,226,-1,378.308
355,361,-1,378.465
1710,1752,-1,378.609
953,1048,-1,378.761
1396,1448,-1,379.233
2270,2352,-1,379.522
1062,1077,-1,379.68
441,446,-1,379.722
2224,2229,-1,380.064
394,415,-1,380.489
2148,2208,-1,380.522
1534,1558,-1,380.707
2856,2890,-1,381.077
1803,2042,-1,381.776
2583,2675,-1,381.811
932,988,-1,382.341
2256,2258,-1,382.415
214,234,-1,383.343
911,933,-1,383.356
1683,1798,-1,383.713
1424,1440,-1,383.919
1054,1109,-1,384.225
2562,2670,-1,384.52
1884,1915,-1,385.021
1833,1884,-1,385.406
1813,2030,-1,385.519
2858,2872,-1,385.632
1709,1765,-1,385.747
2773,2812,-1,385.751
1383,1446,-1,386.136
1050,1081,-1,386.264
495,545,-1,386.43
2564,2603,-1,386.505
1513,1523,-1,386.505
2216,2227,-1,386.638
2711,2811,-1,386.84
2456,2492,-1,386.943
2780,2845,-1,387.005
565,582,-1,387.408
2250,2336,-1,387.547
1841,1851,-1,387.559
1271,1342,-1,387.568
2707,2720,-1,387.703
2869,2994,-1,387.964
777,818,-1,388.202
179,206,-1,388.202
321,355,-1,388.361
2352,2367,-1,388.635
927,1023,-1,389.005
1209,1280,-1,389.166
2357,2364,-1,389.185
827,880,-1,389.344
2101,2115,-1,389.401
2141,2152,-1,389.836
239,268,-1,389.965
2109,2118,-1,389.991
13,91,-1,390.217
214,251,-1,390.698
2325,2341,-1,391.051
1007,1012,-1,391.063
1811,1943,-1,391.082
773,877,-1,391.083
84,131,-1,391.429
1504,1544,-1,391.523
910,943,-1,391.635
2635,2693,-1,391.721
163,296,-1,392.149
912,1019,-1,392.475
1065,1080,-1,392.562
1060,1166,-1,392.617
2445,2507,-1,392.659
1555,1639,-1,392.796
722,742,-1,393.01
18,67,-1,393.65
488,579,-1,393.697
943,998,-1,393.802
199,281,-1,393.859
1075,1105,-1,394.001
2281,2283,-1,394.488
1995,2137,-1,394.548
789,834,-1,394.808
1483,1488,-1,394.975
685,719,-1,395.297
1843,1940,-1,395.718
206,298,-1,396.011
2707,2789,-1,396.093
2959,2963,-1,396.122
2947,2989,-1,396.247
1710,1750,-1,396.295
2911,2978,-1,396.577
652,673,-1,396.758
1566,1642,-1,396.812
44,96,-1,396.829
2276,2396,-1,397.06
975,1056,-1,397.062
354,397,-1,397.604
1243,1267,-1,397.666
1644,1645,-1,397.725
965,1047,-1,397.906
350,384,-1,398.303
1076,1156,-1,398.393
621,622,-1,398.408
2274,2378,-1,398.639
901,930,-1,398.739
1238,1243,-1,398.803
2560,2576,-1,399.382
900,1043,-1,400.362
1511,1568,-1,400.621
2714,2838,-1,400.656
988,1039,-1,400.94
1000,1008,-1,401.294
797,822,-1,401.33
911,982,-1,401.659
50,63,-1,401.659
1748,1796,-1,401.877
1865,1906,-1,402.159
341,424,-1,402.286
105,136,-1,402.716
2449,2542,-1,403.124
302,450,-1,403.476
2566,2665,-1,403.547
848,886,-1,403.833
397,419,-1,403.887
809,940,-1,404.317
477,502,-1,404.358
98,143,-1,404.432
1526,1593,-1,404.527
2550,2630,-1,404.734
453,475,-1,404.772
1011,1027,-1,404.949
901,1014,-1,404.98
1117,1157,-1,405.021
1154,1191,-1,405.123
955,1046,-1,405.39
2565,2646,-1,405.878
2714,2792,-1,405.938
631,707,-1,406.234
476,522,-1,406.597
2301,2303,-1,406.674
1869,1894,-1,406.709
1719,1733,-1,407.427
965,1170,-1,407.848
763,777,-1,407.879
2059,2140,-1,407.967
2111,2246,-1,408.075
831,899,-1,408.104
2257,2300,-1,408.476
2609,2681,-1,408.534
2385,2395,-1,409.088
1590,1640,-1,409.158
2214,2236,-1,409.214
2163,2174,-1,409.484
33,138,-1,409.689
2301,2383,-1,409.821
52,61,-1,410.21
367,441,-1,410.278
2433,2449,-1,410.776
317,368,-1,411.086
1609,1645,-1,411.126
2881,2883,-1,411.407
1060,1132,-1,412.011
11,16,-1,412.148
1014,1015,-1,412.626
1367,1433,-1,412.7
2796,2816,-1,412.798
152,190,-1,412.801
2070,2090,-1,412.989
2292,2377,-1,413.058
1997,2031,-1,413.146
641,668,-1,413.208
1557,1575,-1,413.359
904,1023,-1,413.624
1528,1643,-1,413.853
1256,1294,-1,414.005
2198,2222,-1,414.035
2158,2215,-1,414.27
1261,1287,-1,414.397
657,724,-1,415.12
234,264,-1,415.246
2174,2222,-1,415.39
2275,2355,-1,415.395
2174,2193,-1,415.543
1363,1364,-1,415.589
2862,2956,-1,415.655
905,967,-1,416.454
1830,1900,-1,416.509
1829,1915,-1,417.005
949,966,-1,417.253
1528,1549,-1,417.612
1730,1738,-1,417.714
1737,1766,-1,418.057
2614,2673,-1,418.216
29,71,-1,418.629
467,578,-1,418.629
770,784,-1,419.005
2579,2636,-1,419.129
2891,2984,-1,419.173
2879,2921,-1,419.305
981,1026,-1,419.501
366,440,-1,419.662
1561,1587,-1,420.13
737,796,-1,420.22
32,33,-1,420.387
6,40,-1,420.387
1209,1276,-1,420.595
758,804,-1,421.142
2135,2192,-1,421.436
2040,2225,-1,421.922
916,923,-1,422.522
2906,2974,-1,422.568
772,838,-1,422.765
2793,2839,-1,422.947
203,204,-1,423.427
775,818,-1,425.114
835,889,-1,425.513
2891,2972,-1,425.973
2897,2931,-1,426.42
2911,2935,-1,426.555
2216,2248,-1,427.207
2506,2518,-1,427.43
1300,1315,-1,428.855
2022,2099,-1,429.303
201,243,-1,429.532
2985,2986,-1,429.791
616,683,-1,430.308
237,246,-1,430.521
1718,1742,-1,431.001
1420,1481,-1,431.019
1650,1799,-1,431.056
1882,1934,-1,431.49
2820,2827,-1,431.623
2276,2399,-1,432.009
1836,1915,-1,432.325
641,719,-1,432.634
486,561,-1,432.666
2751,2840,-1,432.666
1801,1860,-1,433.082
1501,1564,-1,433.207
2336,2351,-1,434.549
359,373,-1,434.609
2122,2164,-1,434.968
39,72,-1,435.13
395,423,-1,435.165
2751,2762,-1,435.336
2635,2691,-1,435.46
619,730,-1,435.601
1402,1405,-1,435.901
17,144,-1,436.103
2172,2194,-1,436.125
1282,1347,-1,437.824
2285,2296,-1,438.041
2570,2650,-1,438.056
644,647,-1,439.114
351,414,-1,439.273
1910,1928,-1,439.551
1672,1742,-1,439.756
2902,2984,-1,440.254
2414,2429,-1,440.433
2555,2684,-1,440.459
1300,1330,-1,440.64
1841,1878,-1,441.509
1536,1596,-1,441.77
1761,1769,-1,441.811
1664,1680,-1,441.988
2574,2649,-1,442.764
194,236,-1,442.832
2114,2197,-1,443.095
2895,2914,-1,443.301
2575,2600,-1,443.615
2359,2380,-1,443.928
1507,1641,-1,444.37
1958,1993,-1,444.595
902,958,-1,444.6
1583,1608,-1,444.64
631,673,-1,444.869
909,1008,-1,444.946
916,945,-1,445.189
516,534,-1,445.202
2436,2490,-1,445.253
1396,1496,-1,445.549
718,734,-1,445.588
2566,2669,-1,445.825
1707,1722,-1,445.88
573,587,-1,446.161
792,838,-1,446.445
801,889,-1,446.467
623,696,-1,447.493
2111,2235,-1,447.532
94,112,-1,447.8
211,221,-1,448.152
1521,1617,-1,448.446
1595,1625,-1,448.58
2967,2991,-1,448.813
363,387,-1,449.16
1,61,-1,449.68
853,885,-1,450.024
2047,2093,-1,450.289
1910,1937,-1,450.444
2401,2426,-1,451.09
56,65,-1,451.616
5,74,-1,452.071
1898,1905,-1,452.217
517,554,-1,452.244
2884,2888,-1,452.482
783,860,-1,452.769
2308,2334,-1,453.084
2576,2580,-1,453.11
1536,1616,-1,453.322
2142,2190,-1,453.475
2515,2535,-1,453.56
600,639,-1,453.617
1605,1645,-1,454.07
2590,2655,-1,454.11
2580,2600,-1,454.19
1302,1347,-1,454.211
2802,2846,-1,454.428
2407,2419,-1,455.101
346,428,-1,455.245
65,102,-1,455.413
1083,1086,-1,455.807
402,444,-1,456.162
1728,1766,-1,456.295
210,249,-1,456.317
2289,2368,-1,456.514
471,579,-1,456.64
191,287,-1,457
549,591,-1,457.421
2623,2653,-1,457.564
2594,2607,-1,457.63
1841,1872,-1,457.739
2271,2395,-1,458.537
637,658,-1,458.978
1205,1217,-1,459.07
2888,2912,-1,459.605
77,130,-1,459.619
2101,2193,-1,459.907
1662,1741,-1,461.351
464,535,-1,461.446
163,267,-1,462.589
1849,1946,-1,464.123
1893,1915,-1,464.221
246,266,-1,464.583
2712,2735,-1,464.944
2750,2831,-1,465.387
1515,1642,-1,466.154
2224,2234,-1,466.412
229,249,-1,466.623
1118,1160,-1,467.463
2566,2667,-1,467.6
1018,1024,-1,467.669
2889,2998,-1,467.723
74,75,-1,468.001
1106,1128,-1,468.159
659,740,-1,468.363
2404,2474,-1,468.736
371,398,-1,468.837
91,102,-1,468.876
2176,2225,-1,469.027
1759,1790,-1,469.047
2647,2664,-1,470.524
2881,2914,-1,471.658
1865,1909,-1,471.695
811,947,-1,471.699
1253,1329,-1,472.248
1534,1596,-1,473.339
2833,2840,-1,473.599
2174,2240,-1,474.031
620,677,-1,474.233
1068,1093,-1,474.537
1294,1320,-1,474.688
2498,2508,-1,474.709
2136,2137,-1,474.958
2472,2491,-1,475.042
2040,2202,-1,475.422
637,682,-1,475.429
2865,2883,-1,475.903
2014,2077,-1,475.935
2862,2948,-1,476.098
2656,2676,-1,477.298
1520,1626,-1,477.504
1207,1346,-1,477.535
1450,1474,-1,478.224
1459,1490,-1,478.65
190,218,-1,478.724
2568,2670,-1,479.302
2916,2943,-1,479.416
835,853,-1,479.742
1107,1171,-1,480.026
308,310,-1,480.604
952,980,-1,480.713
757,853,-1,481.204
2429,2508,-1,481.399
393,402,-1,481.898
215,271,-1,482.628
737,746,-1,482.991
2851,2980,-1,483.839
960,963,-1,484.481
1271,1273,-1,484.554
2377,2421,-1,485.499
2477,2535,-1,485.644
676,718,-1,485.828
2834,2844,-1,486.819
1823,1899,-1,487.026
2481,2496,-1,487.056
1509,1612,-1,487.743
1681,1761,-1,488.821
1351,1357,-1,489.281
617,716,-1,489.47
1998,2147,-1,490.368
1583,1638,-1,490.919
8,111,-1,491.024
1070,1175,-1,491.451
2110,2229,-1,491.737
1889,1906,-1,491.944
344,495,-1,492.059
511,566,-1,492.325
1902,1944,-1,492.61
2457,2467,-1,493.024
785,885,-1,493.964
832,839,-1,494.136
2298,2362,-1,494.2
2622,2633,-1,494.899
498,527,-1,495.146
1449,1472,-1,495.162
1357,1470,-1,495.368
808,843,-1,496.568
1059,1099,-1,498.688
998,1022,-1,498.731
908,939,-1,498.759
832,845,-1,499.472
2464,2548,-1,499.525
2427,2445,-1,500.202
1364,1422,-1,500.321
1286,1289,-1,500.759
1862,2053,-1,501.025
2255,2289,-1,501.1
967,1019,-1,501.27
328,427,-1,502.312
1362,1481,-1,502.861
2147,2236,-1,503.224
1509,1586,-1,504.081
2156,2234,-1,505.365
771,880,-1,506.077
1272,1313,-1,506.222
2619,2669,-1,506.654
2919,2956,-1,507.41
2654,2691,-1,508.52
259,267,-1,508.552
2490,2549,-1,508.806
1436,1455,-1,508.968
1476,1489,-1,509.287
1974,2002,-1,510.467
559,568,-1,511.243
227,297,-1,511.716
259,260,-1,512.048
1449,1463,-1,512.071
693,744,-1,512.235
324,350,-1,512.723
319,348,-1,513.425
1800,1816,-1,514.208
1520,1544,-1,514.721
2118,2166,-1,514.736
348,392,-1,515.563
1175,1194,-1,516.962
2525,2539,-1,517.116
1393,1496,-1,517.14
616,739,-1,517.303
1886,1965,-1,517.329
1004,1044,-1,517.422
2914,2948,-1,517.858
1577,1620,-1,517.858
1523,1583,-1,518.089
2910,2950,-1,518.645
636,654,-1,518.9
1654,1695,-1,518.961
1681,1727,-1,519.015
615,660,-1,519.217
350,435,-1,519.247
2055,2075,-1,519.779
2406,2486,-1,519.836
2270,2360,-1,520.138
1418,1437,-1,520.147
130,135,-1,520.877
1384,1491,-1,521.004
320,332,-1,521.138
940,963,-1,521.219
1529,1555,-1,521.254
320,391,-1,522.153
1703,1709,-1,522.536
1597,1607,-1,523.345
1237,1258,-1,524.444
2990,2991,-1,525.467
22,103,-1,525.488
766,794,-1,526.015
1559,1590,-1,526.157
54,69,-1,526.781
2102,2125,-1,526.847
1525,1545,-1,527.555
2710,2725,-1,527.577
200,234,-1,527.83
504,525,-1,527.867
2167,2226,-1,528.115
2333,2397,-1,528.546
465,546,-1,528.554
1813,1920,-1,528.613
2133,2163,-1,529.48
939,1037,-1,529.658
1317,1349,-1,529.681
436,448,-1,529.794
2434,2440,-1,530.905
1137,1188,-1,531.266
2407,2537,-1,531.331
2629,2693,-1,531.501
317,383,-1,531.55
2108,2248,-1,533.146
2165,2187,-1,533.877
351,436,-1,533.877
2252,2298,-1,533.914
1403,1466,-1,533.953
1252,1258,-1,534.607
623,717,-1,535.798
2885,2954,-1,536.004
1920,2072,-1,536.154
1205,1305,-1,536.448
632,642,-1,536.539
1000,1002,-1,536.691
1245,1312,-1,537.122
323,439,-1,537.708
2113,2238,-1,538.02
182,276,-1,539.308
1248,1331,-1,540.3
525,595,-1,540.56
915,1045,-1,540.693
2419,2540,-1,540.77
1094,1144,-1,540.947
2888,2957,-1,541.015
2598,2621,-1,541.558
497,575,-1,542.706
2627,2682,-1,543.725
1062,1097,-1,543.912
931,989,-1,544.303
1368,1449,-1,544.872
1680,1791,-1,544.894
1003,1056,-1,545.023
1300,1334,-1,545.353
1075,1164,-1,545.81
175,195,-1,545.894
751,890,-1,546.572
1843,1897,-1,546.738
2035,2050,-1,547.234
486,506,-1,547.584
2220,2238,-1,548.731
1857,1882,-1,550.048
1504,1646,-1,550.8
1090,1096,-1,550.907
605,742,-1,551.243
328,398,-1,551.613
1411,1437,-1,551.696
924,1020,-1,551.805
2183,2246,-1,552.074
2623,2633,-1,552.331
1966,2041,-1,552.685
1352,1441,-1,553.326
2958,2960,-1,554.13
2855,2916,-1,554.203
1411,1458,-1,554.229
2439,2512,-1,554.91
2896,2905,-1,555.925
1678,1774,-1,556.004
2919,2955,-1,556.925
2326,2354,-1,557.944
2357,2399,-1,557.983
2669,2723,-1,558.014
2581,2689,-1,560.815
922,1026,-1,563.238
676,709,-1,563.249
948,955,-1,563.796
1511,1565,-1,564.826
1816,1867,-1,565
1147,1184,-1,565.057
1359,1372,-1,565.743
951,956,-1,567.092
22,71,-1,568.698
27,93,-1,569.759
1269,1284,-1,569.807
2960,2995,-1,571.925
2024,2079,-1,573.014
1780,1788,-1,573.328
1597,1613,-1,574.228
1804,1822,-1,574.233
947,1041,-1,574.349
239,281,-1,574.905
1713,1790,-1,575.024
2368,2392,-1,576.017
1838,1885,-1,576.327
480,500,-1,576.556
963,1045,-1,577.118
2313,2354,-1,577.541
326,447,-1,577.987
2805,2820,-1,578.333
2266,2369,-1,578.669
1095,1125,-1,579.855
156,223,-1,580.211
2678,2684,-1,581.055
2149,2235,-1,581.065
2866,2889,-1,581.093
1874,1953,-1,582.031
2598,2667,-1,582.344
2187,2214,-1,582.465
1352,1439,-1,583.411
2448,2503,-1,584.391
1378,1486,-1,584.616
189,237,-1,585.171
40,105,-1,585.508
2422,2451,-1,585.601
2930,2957,-1,585.8
975,1170,-1,585.97
2423,2496,-1,586.983
1105,1165,-1,587.412
44,124,-1,587.443
2678,2686,-1,588.401
2875,2982,-1,588.955
90,96,-1,589.238
1719,1777,-1,589.336
2443,2507,-1,589.336
490,538,-1,589.604
811,835,-1,591.014
2857,2896,-1,591.359
2640,2676,-1,591.714
1571,1614,-1,592.558
1733,1735,-1,593.623
2733,2840,-1,593.877
2610,2655,-1,594.933
1224,1289,-1,594.96
2271,2281,-1,596.795
801,972,-1,597.378
1516,1615,-1,598.242
2905,2909,-1,598.392
1716,1768,-1,598.469
2446,2542,-1,600.288
2628,2676,-1,603.314
1951,2186,-1,604.335
1532,1613,-1,604.677
786,868,-1,605.323
2577,2684,-1,605.701
941,1026,-1,605.733
468,472,-1,607.082
1153,1157,-1,607.98
786,851,-1,608.127
1895,1901,-1,608.215
2582,2629,-1,608.238
304,446,-1,610.787
2752,2820,-1,611.566
1393,1464,-1,611.899
77,107,-1,611.955
1771,1777,-1,613.245
1589,1614,-1,614.919
1052,1065,-1,615.233
480,510,-1,615.89
345,377,-1,618.538
44,1361,-1,619.059
456,518,-1,620.073
2757,2771,-1,620.916
1874,1895,-1,621.265
1930,1937,-1,621.477
996,1037,-1,623.106
1285,1345,-1,623.912
500,518,-1,626.483
1313,1334,-1,629.158
1823,1831,-1,629.321
1722,1791,-1,629.898
485,1646,-1,629.921
500,598,-1,630.147
55,187,-1,631.811
1245,1342,-1,631.951
2287,2362,-1,632.017
1514,1550,-1,633.06
1592,1605,-1,633.53
2891,2992,-1,634.653
1392,1408,-1,636.134
2377,2439,-1,636.594
1202,1253,-1,637.307
2110,2120,-1,638.02
1820,1864,-1,638.614
516,520,-1,638.84
1531,1566,-1,638.855
1731,1791,-1,638.855
357,359,-1,639.028
1070,1105,-1,639.182
813,830,-1,640.739
470,575,-1,641.938
2922,2947,-1,642.573
193,296,-1,643.488
1371,1421,-1,644.029
1269,1291,-1,645.046
2716,2824,-1,645.05
2457,2472,-1,645.521
1527,1615,-1,647.262
1261,1277,-1,649.038
2944,2960,-1,650.561
13,136,-1,652.248
2400,2419,-1,652.707
1716,1719,-1,653.912
2562,2587,-1,654.083
304,375,-1,655.515
1739,1757,-1,657
38,105,-1,658.098
2623,2672,-1,658.347
27,37,-1,658.948
536,546,-1,660.422
813,1187,-1,661.423
1987,2000,-1,662.507
736,826,-1,666.539
1714,1774,-1,667.572
1675,1702,-1,668.427
2032,2041,-1,668.64
775,894,-1,668.689
2878,2991,-1,669.666
1364,1392,-1,671.601
377,422,-1,672.462
2401,2548,-1,673.846
2278,2292,-1,674.036
2011,2017,-1,674.701
2857,2873,-1,675.871
1820,1828,-1,678.003
34,77,-1,678.027
46,110,-1,679.394
2420,2468,-1,681.026
1059,1108,-1,682.564
2255,2369,-1,683.687
2954,2980,-1,687.284
2108,2196,-1,687.675
2485,2517,-1,690.294
7,69,-1,691.527
2424,2545,-1,692.285
154,168,-1,692.931
453,465,-1,692.988
2748,2827,-1,695.382
497,523,-1,695.785
2600,2643,-1,696.141
2749,2810,-1,696.329
55,95,-1,698.402
1419,1422,-1,698.828
1630,1646,-1,699.257
656,689,-1,699.372
913,938,-1,699.498
158,293,-1,702.636
1032,1037,-1,707.634
2278,2287,-1,709.204
680,716,-1,711.838
158,197,-1,713.39
2717,2737,-1,713.69
244,270,-1,715.564
739,749,-1,716.369
823,861,-1,717.586
95,109,-1,717.696
1099,1176,-1,720.307
692,696,-1,720.395
378,444,-1,722.335
328,358,-1,724.555
1408,1434,-1,725.403
1368,1476,-1,727.2
2035,2094,-1,727.826
680,724,-1,728.599
1866,1929,-1,733.61
2270,2347,-1,737.244
2727,2817,-1,737.41
1207,1220,-1,738.239
2916,2983,-1,744.624
1594,1613,-1,746.979
324,393,-1,748.217
765,855,-1,748.251
1603,1620,-1,750.744
671,787,-1,759.822
1973,2090,-1,761.047
1281,1325,-1,763.333
1921,2062,-1,766.656
1834,1857,-1,770.211
2585,2682,-1,771.298
1668,1678,-1,771.438
1083,1187,-1,772.074
837,1041,-1,773.372
1055,1070,-1,776.341
2870,2934,-1,777.258
1381,1469,-1,780.064
2454,2548,-1,784.564
242,282,-1,785.29
1653,1765,-1,786.204
2129,2185,-1,788.828
644,656,-1,790.393
1325,1339,-1,798.926
1107,1195,-1,799.856
326,481,-1,800.371
768,790,-1,804.04
2317,2331,-1,807.139
1047,1083,-1,808.412
2431,2444,-1,811.47
484,595,-1,814.801
1441,1458,-1,824.477
1665,1687,-1,827.484
2892,2919,-1,829.292
1086,1169,-1,830.542
768,833,-1,832.285
2318,2404,-1,834.506
1313,1337,-1,836.569
1357,1431,-1,840.103
1071,1172,-1,844.754
2304,2382,-1,845.473
389,415,-1,847.298
959,1049,-1,849.103
339,433,-1,855.43
81,145,-1,859.305
55,85,-1,860.307
737,765,-1,861.072
1966,1993,-1,863.426
608,715,-1,863.904
2005,2075,-1,867.457
992,1021,-1,870.575
218,244,-1,873.129
1167,1172,-1,876.704
314,424,-1,878.713
1381,1437,-1,881.778
1451,1489,-1,883.912
1358,1421,-1,887.791
2420,2540,-1,892.539
1505,1556,-1,894.669
2007,2065,-1,896.582
109,229,-1,897.874
1395,1451,-1,897.898
1873,1899,-1,900.023
1610,1614,-1,908.837
2741,2815,-1,915.734
905,1034,-1,925.973
2414,2417,-1,926.7
1717,1794,-1,926.779
2102,2241,-1,931.509
263,299,-1,935.62
2051,2099,-1,936.635
1867,1890,-1,936.988
161,287,-1,940.767
2616,2617,-1,944.099
1820,1866,-1,944.909
1264,1277,-1,949.613
115,282,-1,949.686
1940,1942,-1,952.177
747,749,-1,956.233
1687,1770,-1,958.33
2825,2836,-1,960.309
463,562,-1,975.709
1708,1750,-1,978.225
2032,2082,-1,978.247
1333,1337,-1,984.589
1071,1316,-1,987.448
1706,1724,-1,991.413
1656,1757,-1,996.447
2367,2379,-1,1008.74
1978,2079,-1,1012.47
2041,2067,-1,1020.2
520,562,-1,1032.67
245,299,-1,1032.86
1776,1793,-1,1045.62
2723,2831,-1,1045.66
1822,1852,-1,1047.4
2415,2520,-1,1053.49
1724,1757,-1,1054.18
81,1469,-1,1054.4
266,294,-1,1055.96
1371,1395,-1,1083.74
97,141,-1,1095.88
2790,2825,-1,1096.91
129,153,-1,1099.7
129,242,-1,1108.05
829,833,-1,1115.26
2345,2347,-1,1121.62
1404,1408,-1,1137.67
1625,1637,-1,1141.4
334,379,-1,1144.14
34,79,-1,1164.04
1353,1439,-1,1175.96
455,485,-1,1177.33
1351,1480,-1,1222.24
168,185,-1,1238.85
2690,2909,-1,1244.3
1602,1624,-1,1245.68
1390,1473,-1,1280.61
1656,1776,-1,1289.58
1006,1024,-1,1312.76
2860,2880,-1,1321.18
358,408,-1,1334.39
2855,2870,-1,1353.49
1421,1487,-1,1357.05
1527,1562,-1,1360.52
141,422,-1,1384.19
608,617,-1,1398.45
233,259,-1,1443.21
270,602,-1,1445.76
1711,1768,-1,1458.82
615,685,-1,1478.28
46,50,-1,1488.54
842,1165,-1,1538.04
2871,2981,-1,1552.33
2836,2980,-1,1645.04
2423,2596,-1,1650.93
1262,1291,-1,1681.86
2717,2809,-1,1756
2241,2369,-1,1887.17
863,1695,-1,2003.66
992,1838,-1,2217.85
1108,1127,-1,2278.37
524,536,-1,2302.21
